,importance
payment_mode,16.562480474690698
promised_delivery_days,13.208552916288838
customer_prior_returns,10.917685590288343
shield_member,9.42410956045119
customer_prior_return_rate,8.10598662224908
discount_value_inr,7.3820874114164114
family,3.754040638854027
sales_channel,3.729780918407666
warranty_months,3.4182780510479254
pincode_prefix,2.7428944840690015
is_gift,2.270603183872991
customer_prior_orders,2.115869771397034
sku,2.069398496604649
state,1.9791060629898087
discount_pct,1.978724703599929
model_name,1.8692077739203083
basket_vs_list_ratio,1.793729298922934
city,1.6254600206897323
order_hour,0.8863380071811529
order_value_inr,0.7289434489961981
